feature,importance
sentiment_score,0.26193050907654253
rating,0.2040382407282831
avg_rating,0.1673722080788277
avg_difficulty,0.1363369536174321
difficulty,0.1265684714819859
review_count,0.10375361701692874
