feature,importance
sentiment_score,0.34371142138009764
avg_rating,0.19903706768396684
avg_difficulty,0.15320670980819773
review_count,0.11754991455648883
rating,0.10538524043932745
difficulty,0.08110964613192152
